<?xml version="2.0" encoding="utf-8"?>
<Instagrom>
  <Title>Estas son las ultimas 5 fotos</Title>
  <Foto id="30">
    <titulo>Paulina Rubio</titulo>
    <archivo>94_20-11-4_15-12-2020.jpeg</archivo>
    <fecha>2020-12-03</fecha>
    <pais>Japón</pais>
  </Foto>
  <Foto id="4">
    <titulo>Magdalenas</titulo>
    <archivo>magdalena.png</archivo>
    <fecha>2020-10-14</fecha>
    <pais>España</pais>
  </Foto>
  <Foto id="26">
    <titulo>Foto prueba</titulo>
    <archivo>magdalena.png</archivo>
    <fecha>2020-10-14</fecha>
    <pais>España</pais>
  </Foto>
  <Foto id="3">
    <titulo>foto</titulo>
    <archivo>foto.jpg</archivo>
    <fecha>2020-12-16</fecha>
    <pais>Australia</pais>
  </Foto>
  <Foto id="2">
    <titulo>bombomsitos</titulo>
    <archivo>bombon.png</archivo>
    <fecha>2020-12-16</fecha>
    <pais>Sudáfrica</pais>
  </Foto>
</Instagrom>
